{"cameraMode":{"drawMode":0,"name":"Shaded","section":"Shading Mode"},"sceneLighting":false,"audioPlay":false,"sceneViewState":{"showFog":false,"showMaterialUpdate":false,"showSkybox":false,"showFlares":false,"showImageEffects":false,"showParticleSystems":false},"in2DMode":false,"pivot":{"x":-61.273284912109378,"y":18.47636604309082,"z":17.043127059936525},"rotation":{"x":0.034242983907461169,"y":0.8595787882804871,"z":-0.05810984969139099,"w":0.5065327286720276},"size":2.996938943862915,"orthographic":true}