{"cameraMode":{"drawMode":0,"name":"Shaded","section":"Shading Mode"},"sceneLighting":false,"audioPlay":false,"sceneViewState":{"showFog":false,"showMaterialUpdate":false,"showSkybox":false,"showFlares":false,"showImageEffects":false,"showParticleSystems":false},"in2DMode":false,"pivot":{"x":-0.18149757385253907,"y":3.472815752029419,"z":-2.2231252193450929},"rotation":{"x":0.010234052315354348,"y":0.7309942841529846,"z":-0.0109657421708107,"w":0.6822190284729004},"size":9.802363395690918,"orthographic":false}