{"cameraMode":{"drawMode":0,"name":"Shaded","section":"Shading Mode"},"sceneLighting":false,"audioPlay":false,"sceneViewState":{"showFog":false,"showMaterialUpdate":false,"showSkybox":false,"showFlares":false,"showImageEffects":false,"showParticleSystems":false},"in2DMode":false,"pivot":{"x":-61.68958282470703,"y":18.409927368164064,"z":17.076000213623048},"rotation":{"x":0.06730849295854569,"y":-0.06430848687887192,"z":0.004347413778305054,"w":0.9956482648849487},"size":3.011813163757324,"orthographic":false}