{"cameraMode":{"drawMode":0,"name":"Shaded","section":"Shading Mode"},"sceneLighting":false,"audioPlay":false,"sceneViewState":{"showFog":false,"showMaterialUpdate":false,"showSkybox":false,"showFlares":false,"showImageEffects":false,"showParticleSystems":false},"in2DMode":false,"pivot":{"x":-0.07552510499954224,"y":0.1211872398853302,"z":0.3348592519760132},"rotation":{"x":0.12162730097770691,"y":-0.5511825680732727,"z":0.08161256462335587,"w":0.8214280009269714},"size":0.3234570622444153,"orthographic":false}