{"cameraMode":{"drawMode":0,"name":"Shaded","section":"Shading Mode"},"sceneLighting":false,"audioPlay":false,"sceneViewState":{"showFog":false,"showMaterialUpdate":false,"showSkybox":false,"showFlares":false,"showImageEffects":false,"showParticleSystems":false},"in2DMode":false,"pivot":{"x":-26.398162841796876,"y":-7.398932456970215,"z":-0.708648681640625},"rotation":{"x":0.07941059023141861,"y":0.011961814016103745,"z":-0.0009529729722999036,"w":0.9967698454856873},"size":1539.8919677734375,"orthographic":false}